<?xml version="1.0" encoding="UTF-8"?>
<project-private xmlns="http://www.netbeans.org/ns/project-private/1">
    <editor-bookmarks xmlns="http://www.netbeans.org/ns/editor-bookmarks/2" lastBookmarkId="0"/>
    <open-files xmlns="http://www.netbeans.org/ns/projectui-open-files/2">
        <group>
            <file>file:/C:/Users/pas205/Documents/NetBeansProjects/Testownik/src/Statystyki.java</file>
            <file>file:/C:/Users/pas205/Documents/NetBeansProjects/Testownik/src/ZestawKartOdpowiedzi.java</file>
            <file>jar:file:/C:/Users/pas205/Documents/NetBeansProjects/Testownik/dist/Testownik.jar!/META-INF/MANIFEST.MF</file>
            <file>file:/C:/Users/pas205/Documents/NetBeansProjects/Testownik/src/KartaOdpowiedzi.java</file>
        </group>
    </open-files>
</project-private>
